zone,district
1,CBD
2,CBD
3,CBD
4,CBD
5,CBD
6,CBD
7,CBD
8,CBD
9,CBD
10,CBD
11,CBD
12,CBD
13,CBD
14,CBD
15,CBD
16,CBD
17,CBD
18,CBD
19,CBD
20,CBD
21,CBD
22,CBD
23,CBD
24,CBD
25,CBD
26,CBD
27,Northwest
28,Northwest
29,Northwest
30,Northwest
31,Northwest
32,Northwest
33,Northwest
34,Northwest
35,Northwest
36,Northwest
37,Northwest
38,Northwest
39,Northwest
40,Northwest
41,Northwest
42,Northwest
43,Northwest
44,Northwest
45,Northwest
46,Northwest
47,Northwest
48,Northwest
49,Northwest
50,Northwest
51,Northwest
52,Northwest
53,Northwest
54,Northwest
55,Northwest
56,Northwest
57,Northwest
58,Northwest
59,Northwest
60,Northwest
61,Northwest
62,Northwest
63,Northwest
64,Northwest
65,Northwest
66,Northwest
67,Northwest
68,Northwest
69,Northwest
70,Northwest
71,Northwest
72,Northwest
73,Northwest
74,Northwest
75,Northwest
76,Northwest
77,Northwest
78,Northwest
79,Northwest
80,Northwest
81,Northwest
82,Northwest
83,Northwest
84,Northwest
85,Northwest
86,Northwest
87,Northwest
88,Northwest
89,Northwest
90,Northwest
91,Northwest
92,Northwest
93,Northwest
94,Northwest
95,Northwest
96,Northwest
97,Northwest
98,Northwest
99,Northwest
100,Northwest
101,Northwest
102,Northwest
103,Northwest
104,Northwest
105,Northwest
106,Northwest
107,Northwest
108,Northwest
109,Northwest
110,Northwest
111,Northwest
112,Northwest
113,Northwest
114,Northwest
115,Northwest
116,Northwest
117,Northwest
118,Northwest
119,Northwest
120,Northwest
121,Northwest
122,Northwest
123,Northwest
124,Portland.Eastside
125,Portland.Eastside
126,Portland.Eastside
127,Portland.Eastside
128,Portland.Eastside
129,Portland.Eastside
130,Portland.Eastside
131,Portland.Eastside
132,Portland.Eastside
133,Portland.Eastside
134,Portland.Eastside
135,Portland.Eastside
136,Portland.Eastside
137,Portland.Eastside
138,Portland.Eastside
139,Portland.Eastside
140,Portland.Eastside
141,Portland.Eastside
142,Portland.Eastside
143,Portland.Eastside
144,Portland.Eastside
145,Portland.Eastside
146,Portland.Eastside
147,Portland.Eastside
148,Portland.Eastside
149,Portland.Eastside
150,Portland.Eastside
151,Portland.Eastside
152,Portland.Eastside
153,Portland.Eastside
154,Portland.Eastside
155,Portland.Eastside
156,Portland.Eastside
157,Portland.Eastside
158,Portland.Eastside
159,Portland.Eastside
160,Portland.Eastside
161,Portland.Eastside
162,Portland.Eastside
163,Portland.Eastside
164,Portland.Eastside
165,Portland.Eastside
166,Portland.Eastside
167,Portland.Eastside
168,Portland.Eastside
169,Portland.Eastside
170,Portland.Eastside
171,Portland.Eastside
172,Portland.Eastside
173,Portland.Eastside
174,Portland.Eastside
175,Portland.Eastside
176,Portland.Eastside
177,Portland.Eastside
178,Portland.Eastside
179,Portland.Eastside
180,Portland.Eastside
181,Portland.Eastside
182,Portland.Eastside
183,Portland.Eastside
184,Portland.Eastside
185,Portland.Eastside
186,Portland.Eastside
187,Portland.Eastside
188,Portland.Eastside
189,Portland.Eastside
190,Portland.Eastside
191,Portland.Eastside
192,Portland.Eastside
193,Portland.Eastside
194,Portland.Eastside
195,Portland.Eastside
196,Portland.Eastside
197,Portland.Eastside
198,Portland.Eastside
199,Portland.Eastside
200,Portland.Eastside
201,Portland.Eastside
202,Portland.Eastside
203,Portland.Eastside
204,Portland.Eastside
205,Portland.Eastside
206,Portland.Eastside
207,Portland.Eastside
208,Portland.Eastside
209,Portland.Eastside
210,Portland.Eastside
211,Portland.Eastside
212,Portland.Eastside
213,Portland.Eastside
214,Portland.Eastside
215,Portland.Eastside
216,Portland.Eastside
217,Portland.Eastside
218,Portland.Eastside
219,Portland.Eastside
220,Portland.Eastside
221,Portland.Eastside
222,Portland.Eastside
223,Portland.Eastside
224,Portland.Eastside
225,Portland.Eastside
226,Portland.Eastside
227,Portland.Eastside
228,Portland.Eastside
229,Portland.Eastside
230,Portland.Eastside
231,Portland.Eastside
232,Portland.Eastside
233,Portland.Eastside
234,Portland.Eastside
235,Portland.Eastside
236,Portland.Eastside
237,Portland.Eastside
238,Portland.Eastside
239,Portland.Eastside
240,Portland.Eastside
241,Portland.Eastside
242,Portland.Eastside
243,Portland.Eastside
244,Portland.Eastside
245,Portland.Eastside
246,Portland.Eastside
247,Portland.Eastside
248,Portland.Eastside
249,Portland.Eastside
250,Portland.Eastside
251,Portland.Eastside
252,Portland.Eastside
253,Portland.Eastside
254,Portland.Eastside
255,Portland.Eastside
256,Portland.Eastside
257,Portland.Eastside
258,Portland.Eastside
259,Portland.Eastside
260,Portland.Eastside
261,Portland.Eastside
262,Portland.Eastside
263,Portland.Eastside
264,Portland.Eastside
265,Portland.Eastside
266,Portland.Eastside
267,Portland.Eastside
268,Portland.Eastside
269,Portland.Eastside
270,Portland.Eastside
271,Portland.Eastside
272,Portland.Eastside
273,Portland.Eastside
274,Portland.Eastside
275,Portland.Eastside
276,Portland.Eastside
277,Portland.Eastside
278,Portland.Eastside
279,Portland.Eastside
280,Portland.Eastside
281,Portland.Eastside
282,Portland.Eastside
283,Portland.Eastside
284,Portland.Eastside
285,Portland.Eastside
286,Portland.Eastside
287,Portland.Eastside
288,Portland.Eastside
289,Portland.Eastside
290,Portland.Eastside
291,Portland.Eastside
292,Portland.Eastside
293,Portland.Eastside
294,Portland.Eastside
295,Portland.Eastside
296,Portland.Eastside
297,Portland.Eastside
298,Portland.Eastside
299,Portland.Eastside
300,Portland.Eastside
301,Portland.Eastside
302,Portland.Eastside
303,Portland.Eastside
304,Portland.Eastside
305,Portland.Eastside
306,Portland.Eastside
307,Portland.Eastside
308,Portland.Eastside
309,Portland.Eastside
310,Portland.Eastside
311,Portland.Eastside
312,Portland.Eastside
313,Portland.Eastside
314,Portland.Eastside
315,Portland.Eastside
316,Portland.Eastside
317,Portland.Eastside
318,Portland.Eastside
319,Portland.Eastside
320,Portland.Eastside
321,Portland.Eastside
322,Portland.Eastside
323,Portland.Eastside
324,Portland.Eastside
325,Portland.Eastside
326,Portland.Eastside
327,Portland.Eastside
328,Portland.Eastside
329,Portland.Eastside
330,Portland.Eastside
331,Portland.Eastside
332,Portland.Eastside
333,Portland.Eastside
334,Portland.Eastside
335,Portland.Eastside
336,Portland.Eastside
337,Portland.Eastside
338,Portland.Eastside
339,Portland.Eastside
340,Portland.Eastside
341,Portland.Eastside
342,Portland.Eastside
343,Portland.Eastside
344,Portland.Eastside
345,Portland.Eastside
346,Portland.Eastside
347,Portland.Eastside
348,Portland.Eastside
349,Portland.Eastside
350,Portland.Eastside
351,Portland.Eastside
352,Portland.Eastside
353,Portland.Eastside
354,Portland.Eastside
355,Portland.Eastside
356,East.Multnomah.Co
357,East.Multnomah.Co
358,East.Multnomah.Co
359,East.Multnomah.Co
360,East.Multnomah.Co
361,East.Multnomah.Co
362,East.Multnomah.Co
363,East.Multnomah.Co
364,East.Multnomah.Co
365,East.Multnomah.Co
366,East.Multnomah.Co
367,East.Multnomah.Co
368,East.Multnomah.Co
369,East.Multnomah.Co
370,East.Multnomah.Co
371,East.Multnomah.Co
372,East.Multnomah.Co
373,East.Multnomah.Co
374,East.Multnomah.Co
375,East.Multnomah.Co
376,East.Multnomah.Co
377,East.Multnomah.Co
378,East.Multnomah.Co
379,East.Multnomah.Co
380,East.Multnomah.Co
381,East.Multnomah.Co
382,East.Multnomah.Co
383,East.Multnomah.Co
384,East.Multnomah.Co
385,East.Multnomah.Co
386,East.Multnomah.Co
387,East.Multnomah.Co
388,East.Multnomah.Co
389,East.Multnomah.Co
390,East.Multnomah.Co
391,East.Multnomah.Co
392,East.Multnomah.Co
393,East.Multnomah.Co
394,East.Multnomah.Co
395,East.Multnomah.Co
396,East.Multnomah.Co
397,East.Multnomah.Co
398,East.Multnomah.Co
399,East.Multnomah.Co
400,East.Multnomah.Co
401,East.Multnomah.Co
402,East.Multnomah.Co
403,East.Multnomah.Co
404,East.Multnomah.Co
405,East.Multnomah.Co
406,East.Multnomah.Co
407,East.Multnomah.Co
408,East.Multnomah.Co
409,East.Multnomah.Co
410,East.Multnomah.Co
411,East.Multnomah.Co
412,East.Multnomah.Co
413,East.Multnomah.Co
414,East.Multnomah.Co
415,East.Multnomah.Co
416,East.Multnomah.Co
417,East.Multnomah.Co
418,East.Multnomah.Co
419,East.Multnomah.Co
420,East.Multnomah.Co
421,East.Multnomah.Co
422,East.Multnomah.Co
423,East.Multnomah.Co
424,East.Multnomah.Co
425,East.Multnomah.Co
426,East.Multnomah.Co
427,East.Multnomah.Co
428,East.Multnomah.Co
429,East.Multnomah.Co
430,East.Multnomah.Co
431,East.Multnomah.Co
432,East.Multnomah.Co
433,East.Multnomah.Co
434,East.Multnomah.Co
435,East.Multnomah.Co
436,East.Multnomah.Co
437,East.Multnomah.Co
438,East.Multnomah.Co
439,East.Multnomah.Co
440,East.Multnomah.Co
441,East.Multnomah.Co
442,East.Multnomah.Co
443,East.Multnomah.Co
444,East.Multnomah.Co
445,East.Multnomah.Co
446,East.Multnomah.Co
447,East.Multnomah.Co
448,East.Multnomah.Co
449,East.Multnomah.Co
450,East.Multnomah.Co
451,East.Multnomah.Co
452,East.Multnomah.Co
453,East.Multnomah.Co
454,East.Multnomah.Co
455,East.Multnomah.Co
456,East.Multnomah.Co
457,East.Multnomah.Co
458,East.Multnomah.Co
459,East.Multnomah.Co
460,East.Multnomah.Co
461,East.Multnomah.Co
462,East.Multnomah.Co
463,East.Multnomah.Co
464,East.Multnomah.Co
465,East.Multnomah.Co
466,East.Multnomah.Co
467,East.Multnomah.Co
468,East.Multnomah.Co
469,East.Multnomah.Co
470,East.Multnomah.Co
471,East.Multnomah.Co
472,East.Multnomah.Co
473,East.Multnomah.Co
474,East.Multnomah.Co
475,East.Multnomah.Co
476,East.Multnomah.Co
477,East.Multnomah.Co
478,East.Multnomah.Co
479,East.Multnomah.Co
480,East.Multnomah.Co
481,East.Multnomah.Co
482,East.Multnomah.Co
483,East.Multnomah.Co
484,East.Multnomah.Co
485,East.Multnomah.Co
486,East.Multnomah.Co
487,East.Multnomah.Co
488,East.Multnomah.Co
489,East.Multnomah.Co
490,East.Multnomah.Co
491,East.Multnomah.Co
492,East.Multnomah.Co
493,East.Multnomah.Co
494,East.Multnomah.Co
495,East.Multnomah.Co
496,East.Multnomah.Co
497,East.Multnomah.Co
498,East.Multnomah.Co
499,East.Multnomah.Co
500,East.Multnomah.Co
501,East.Multnomah.Co
502,East.Multnomah.Co
503,East.Multnomah.Co
504,East.Multnomah.Co
505,East.Multnomah.Co
506,East.Multnomah.Co
507,East.Multnomah.Co
508,East.Multnomah.Co
509,East.Multnomah.Co
510,East.Multnomah.Co
511,East.Multnomah.Co
512,East.Multnomah.Co
513,East.Multnomah.Co
514,East.Multnomah.Co
515,East.Multnomah.Co
516,East.Multnomah.Co
517,East.Multnomah.Co
518,East.Multnomah.Co
519,East.Multnomah.Co
520,East.Multnomah.Co
521,East.Multnomah.Co
522,East.Multnomah.Co
523,East.Multnomah.Co
524,East.Multnomah.Co
525,East.Multnomah.Co
526,East.Multnomah.Co
527,East.Multnomah.Co
528,East.Multnomah.Co
529,East.Multnomah.Co
530,East.Multnomah.Co
531,East.Multnomah.Co
532,East.Multnomah.Co
533,East.Multnomah.Co
534,East.Multnomah.Co
535,East.Multnomah.Co
536,East.Multnomah.Co
537,East.Multnomah.Co
538,East.Multnomah.Co
539,East.Multnomah.Co
540,East.Multnomah.Co
541,East.Multnomah.Co
542,East.Multnomah.Co
543,East.Multnomah.Co
544,East.Multnomah.Co
545,East.Multnomah.Co
546,East.Multnomah.Co
547,East.Multnomah.Co
548,East.Multnomah.Co
549,East.Multnomah.Co
550,East.Multnomah.Co
551,East.Multnomah.Co
552,East.Multnomah.Co
553,East.Multnomah.Co
554,East.Multnomah.Co
555,East.Multnomah.Co
556,East.Multnomah.Co
557,East.Multnomah.Co
558,East.Multnomah.Co
559,East.Multnomah.Co
560,East.Multnomah.Co
561,East.Multnomah.Co
562,East.Multnomah.Co
563,East.Multnomah.Co
564,East.Multnomah.Co
565,East.Multnomah.Co
566,East.Multnomah.Co
567,East.Multnomah.Co
568,East.Multnomah.Co
569,East.Multnomah.Co
570,East.Multnomah.Co
571,East.Multnomah.Co
572,East.Multnomah.Co
573,East.Multnomah.Co
574,East.Multnomah.Co
575,East.Multnomah.Co
576,East.Multnomah.Co
577,East.Multnomah.Co
578,East.Multnomah.Co
579,East.Multnomah.Co
580,East.Multnomah.Co
581,East.Multnomah.Co
582,East.Multnomah.Co
583,East.Multnomah.Co
584,East.Multnomah.Co
585,East.Multnomah.Co
586,East.Multnomah.Co
587,East.Multnomah.Co
588,East.Multnomah.Co
589,East.Multnomah.Co
590,East.Multnomah.Co
591,East.Multnomah.Co
592,East.Multnomah.Co
593,East.Multnomah.Co
594,East.Multnomah.Co
595,East.Multnomah.Co
596,East.Multnomah.Co
597,East.Multnomah.Co
598,East.Multnomah.Co
599,East.Multnomah.Co
600,East.Multnomah.Co
601,East.Multnomah.Co
602,East.Multnomah.Co
603,East.Multnomah.Co
604,East.Multnomah.Co
605,East.Multnomah.Co
606,East.Multnomah.Co
607,East.Multnomah.Co
608,East.Multnomah.Co
609,East.Multnomah.Co
610,East.Multnomah.Co
611,East.Multnomah.Co
612,East.Multnomah.Co
613,East.Multnomah.Co
614,East.Multnomah.Co
615,East.Multnomah.Co
616,East.Multnomah.Co
617,East.Multnomah.Co
618,East.Multnomah.Co
619,East.Multnomah.Co
620,East.Multnomah.Co
621,East.Multnomah.Co
622,East.Multnomah.Co
623,East.Multnomah.Co
624,East.Multnomah.Co
625,East.Multnomah.Co
626,East.Multnomah.Co
627,East.Multnomah.Co
628,East.Multnomah.Co
629,East.Multnomah.Co
630,East.Multnomah.Co
631,East.Multnomah.Co
632,East.Multnomah.Co
633,East.Multnomah.Co
634,East.Multnomah.Co
635,East.Multnomah.Co
636,East.Multnomah.Co
637,East.Multnomah.Co
638,East.Multnomah.Co
639,East.Multnomah.Co
640,East.Multnomah.Co
641,East.Multnomah.Co
642,East.Multnomah.Co
643,East.Multnomah.Co
644,East.Multnomah.Co
645,East.Multnomah.Co
646,East.Multnomah.Co
647,East.Multnomah.Co
648,East.Multnomah.Co
649,East.Multnomah.Co
650,East.Multnomah.Co
651,East.Multnomah.Co
652,East.Multnomah.Co
653,East.Multnomah.Co
654,East.Multnomah.Co
655,East.Multnomah.Co
656,East.Multnomah.Co
657,East.Multnomah.Co
658,East.Multnomah.Co
659,East.Multnomah.Co
660,East.Multnomah.Co
661,East.Multnomah.Co
662,Clackamas.Co
663,Clackamas.Co
664,Clackamas.Co
665,Clackamas.Co
666,Clackamas.Co
667,Clackamas.Co
668,Clackamas.Co
669,Clackamas.Co
670,Clackamas.Co
671,Clackamas.Co
672,Clackamas.Co
673,Clackamas.Co
674,Clackamas.Co
675,Clackamas.Co
676,Clackamas.Co
677,Clackamas.Co
678,Clackamas.Co
679,Clackamas.Co
680,Clackamas.Co
681,Clackamas.Co
682,Clackamas.Co
683,Clackamas.Co
684,Clackamas.Co
685,Clackamas.Co
686,Clackamas.Co
687,Clackamas.Co
688,Clackamas.Co
689,Clackamas.Co
690,Clackamas.Co
691,Clackamas.Co
692,Clackamas.Co
693,Clackamas.Co
694,Clackamas.Co
695,Clackamas.Co
696,Clackamas.Co
697,Clackamas.Co
698,Clackamas.Co
699,Clackamas.Co
700,Clackamas.Co
701,Clackamas.Co
702,Clackamas.Co
703,Clackamas.Co
704,Clackamas.Co
705,Clackamas.Co
706,Clackamas.Co
707,Clackamas.Co
708,Clackamas.Co
709,Clackamas.Co
710,Clackamas.Co
711,Clackamas.Co
712,Clackamas.Co
713,Clackamas.Co
714,Clackamas.Co
715,Clackamas.Co
716,Clackamas.Co
717,Clackamas.Co
718,Clackamas.Co
719,Clackamas.Co
720,Clackamas.Co
721,Clackamas.Co
722,Clackamas.Co
723,Clackamas.Co
724,Clackamas.Co
725,Clackamas.Co
726,Clackamas.Co
727,Clackamas.Co
728,Clackamas.Co
729,Clackamas.Co
730,Clackamas.Co
731,Clackamas.Co
732,Clackamas.Co
733,Clackamas.Co
734,Clackamas.Co
735,Clackamas.Co
736,Clackamas.Co
737,Clackamas.Co
738,Clackamas.Co
739,Clackamas.Co
740,Clackamas.Co
741,Clackamas.Co
742,Clackamas.Co
743,Clackamas.Co
744,Clackamas.Co
745,Clackamas.Co
746,Clackamas.Co
747,Clackamas.Co
748,Clackamas.Co
749,Clackamas.Co
750,Clackamas.Co
751,Clackamas.Co
752,Clackamas.Co
753,Clackamas.Co
754,Clackamas.Co
755,Clackamas.Co
756,Clackamas.Co
757,Clackamas.Co
758,Clackamas.Co
759,Clackamas.Co
760,Clackamas.Co
761,Clackamas.Co
762,Clackamas.Co
763,Clackamas.Co
764,Clackamas.Co
765,Clackamas.Co
766,Clackamas.Co
767,Clackamas.Co
768,Clackamas.Co
769,Clackamas.Co
770,Clackamas.Co
771,Clackamas.Co
772,Clackamas.Co
773,Clackamas.Co
774,Clackamas.Co
775,Clackamas.Co
776,Clackamas.Co
777,Clackamas.Co
778,Clackamas.Co
779,Clackamas.Co
780,Clackamas.Co
781,Clackamas.Co
782,Clackamas.Co
783,Clackamas.Co
784,Clackamas.Co
785,Clackamas.Co
786,Clackamas.Co
787,Clackamas.Co
788,Clackamas.Co
789,Clackamas.Co
790,Clackamas.Co
791,Clackamas.Co
792,Clackamas.Co
793,Clackamas.Co
794,Clackamas.Co
795,Clackamas.Co
796,Clackamas.Co
797,Clackamas.Co
798,Clackamas.Co
799,Clackamas.Co
800,Clackamas.Co
801,Clackamas.Co
802,Clackamas.Co
803,Clackamas.Co
804,Clackamas.Co
805,Clackamas.Co
806,Clackamas.Co
807,Clackamas.Co
808,Clackamas.Co
809,Clackamas.Co
810,Clackamas.Co
811,Clackamas.Co
812,Clackamas.Co
813,Clackamas.Co
814,Clackamas.Co
815,Clackamas.Co
816,Clackamas.Co
817,Clackamas.Co
818,Clackamas.Co
819,Clackamas.Co
820,Clackamas.Co
821,Clackamas.Co
822,Clackamas.Co
823,Clackamas.Co
824,Clackamas.Co
825,Clackamas.Co
826,Clackamas.Co
827,Clackamas.Co
828,Clackamas.Co
829,Clackamas.Co
830,Clackamas.Co
831,Clackamas.Co
832,Clackamas.Co
833,Clackamas.Co
834,Clackamas.Co
835,Clackamas.Co
836,Clackamas.Co
837,Clackamas.Co
838,Clackamas.Co
839,Clackamas.Co
840,Clackamas.Co
841,Clackamas.Co
842,Clackamas.Co
843,Clackamas.Co
844,Clackamas.Co
845,Clackamas.Co
846,Clackamas.Co
847,Clackamas.Co
848,Clackamas.Co
849,Clackamas.Co
850,Clackamas.Co
851,Clackamas.Co
852,Clackamas.Co
853,Clackamas.Co
854,Clackamas.Co
855,Clackamas.Co
856,Clackamas.Co
857,Clackamas.Co
858,Clackamas.Co
859,Clackamas.Co
860,Clackamas.Co
861,Clackamas.Co
862,Clackamas.Co
863,Clackamas.Co
864,Clackamas.Co
865,Clackamas.Co
866,Clackamas.Co
867,Clackamas.Co
868,Clackamas.Co
869,Clackamas.Co
870,Clackamas.Co
871,Clackamas.Co
872,Clackamas.Co
873,Clackamas.Co
874,Clackamas.Co
875,Clackamas.Co
876,Clackamas.Co
877,Clackamas.Co
878,Clackamas.Co
879,Clackamas.Co
880,Clackamas.Co
881,Clackamas.Co
882,Clackamas.Co
883,Clackamas.Co
884,Clackamas.Co
885,Clackamas.Co
886,Clackamas.Co
887,Clackamas.Co
888,Clackamas.Co
889,Clackamas.Co
890,Clackamas.Co
891,Clackamas.Co
892,Clackamas.Co
893,Clackamas.Co
894,Clackamas.Co
895,Clackamas.Co
896,Clackamas.Co
897,Clackamas.Co
898,Clackamas.Co
899,Clackamas.Co
900,Clackamas.Co
901,Clackamas.Co
902,Clackamas.Co
903,Clackamas.Co
904,Clackamas.Co
905,Clackamas.Co
906,Clackamas.Co
907,Clackamas.Co
908,Clackamas.Co
909,Clackamas.Co
910,Clackamas.Co
911,Clackamas.Co
912,Clackamas.Co
913,Clackamas.Co
914,Clackamas.Co
915,Clackamas.Co
916,Clackamas.Co
917,Clackamas.Co
918,Clackamas.Co
919,Clackamas.Co
920,Clackamas.Co
921,Clackamas.Co
922,Clackamas.Co
923,Clackamas.Co
924,Clackamas.Co
925,Clackamas.Co
926,Clackamas.Co
927,Clackamas.Co
928,Clackamas.Co
929,Clackamas.Co
930,Clackamas.Co
931,Clackamas.Co
932,Clackamas.Co
933,Clackamas.Co
934,Clackamas.Co
935,Clackamas.Co
936,Clackamas.Co
937,Clackamas.Co
938,Clackamas.Co
939,Clackamas.Co
940,Clackamas.Co
941,Clackamas.Co
942,Clackamas.Co
943,Clackamas.Co
944,Clackamas.Co
945,Clackamas.Co
946,Clackamas.Co
947,Clackamas.Co
948,Clackamas.Co
949,Clackamas.Co
950,Clackamas.Co
951,Clackamas.Co
952,Clackamas.Co
953,Clackamas.Co
954,Clackamas.Co
955,Clackamas.Co
956,Clackamas.Co
957,Clackamas.Co
958,Clackamas.Co
959,Clackamas.Co
960,Clackamas.Co
961,Clackamas.Co
962,Clackamas.Co
963,Clackamas.Co
964,Clackamas.Co
965,Clackamas.Co
966,Southwest
967,Southwest
968,Southwest
969,Southwest
970,Southwest
971,Southwest
972,Southwest
973,Southwest
974,Southwest
975,Southwest
976,Southwest
977,Southwest
978,Southwest
979,Southwest
980,Southwest
981,Southwest
982,Southwest
983,Southwest
984,Southwest
985,Southwest
986,Southwest
987,Southwest
988,Southwest
989,Southwest
990,Southwest
991,Southwest
992,Southwest
993,Southwest
994,Southwest
995,Southwest
996,Southwest
997,Southwest
998,Southwest
999,Southwest
1000,Southwest
1001,Southwest
1002,Southwest
1003,Southwest
1004,Southwest
1005,Southwest
1006,Southwest
1007,Southwest
1008,Southwest
1009,Southwest
1010,Southwest
1011,Southwest
1012,Southwest
1013,Southwest
1014,Southwest
1015,Southwest
1016,Southwest
1017,Southwest
1018,Southwest
1019,Southwest
1020,Southwest
1021,Southwest
1022,Southwest
1023,Southwest
1024,Southwest
1025,Southwest
1026,Southwest
1027,Southwest
1028,Southwest
1029,Southwest
1030,Southwest
1031,Southwest
1032,Southwest
1033,Southwest
1034,Southwest
1035,Southwest
1036,Southwest
1037,Southwest
1038,Southwest
1039,Southwest
1040,Southwest
1041,Southwest
1042,Southwest
1043,Southwest
1044,Southwest
1045,Southwest
1046,Southwest
1047,Southwest
1048,Southwest
1049,Southwest
1050,Southwest
1051,Southwest
1052,Southwest
1053,Southwest
1054,Southwest
1055,Southwest
1056,Southwest
1057,Southwest
1058,Southwest
1059,Southwest
1060,Southwest
1061,Southwest
1062,Southwest
1063,Southwest
1064,Southwest
1065,Southwest
1066,Southwest
1067,Southwest
1068,Southwest
1069,Southwest
1070,Southwest
1071,Southwest
1072,Southwest
1073,Southwest
1074,Southwest
1075,Southwest
1076,Southwest
1077,Southwest
1078,Southwest
1079,Southwest
1080,Southwest
1081,Southwest
1082,Southwest
1083,Southwest
1084,Southwest
1085,Southwest
1086,Southwest
1087,Southwest
1088,Southwest
1089,Southwest
1090,Southwest
1091,Southwest
1092,Southwest
1093,Southwest
1094,Southwest
1095,Southwest
1096,Southwest
1097,Southwest
1098,Southwest
1099,Southwest
1100,Southwest
1101,Southwest
1102,Southwest
1103,Southwest
1104,Southwest
1105,Southwest
1106,Southwest
1107,Southwest
1108,Southwest
1109,Southwest
1110,Southwest
1111,Southwest
1112,Southwest
1113,Southwest
1114,Southwest
1115,Southwest
1116,Southwest
1117,Southwest
1118,Southwest
1119,Southwest
1120,Southwest
1121,Southwest
1122,Southwest
1123,Southwest
1124,Southwest
1125,Southwest
1126,Southwest
1127,Southwest
1128,Southwest
1129,West.Wash.Co
1130,West.Wash.Co
1131,West.Wash.Co
1132,West.Wash.Co
1133,West.Wash.Co
1134,West.Wash.Co
1135,West.Wash.Co
1136,West.Wash.Co
1137,West.Wash.Co
1138,West.Wash.Co
1139,West.Wash.Co
1140,West.Wash.Co
1141,West.Wash.Co
1142,West.Wash.Co
1143,West.Wash.Co
1144,West.Wash.Co
1145,West.Wash.Co
1146,West.Wash.Co
1147,West.Wash.Co
1148,West.Wash.Co
1149,West.Wash.Co
1150,West.Wash.Co
1151,West.Wash.Co
1152,West.Wash.Co
1153,West.Wash.Co
1154,West.Wash.Co
1155,West.Wash.Co
1156,West.Wash.Co
1157,West.Wash.Co
1158,West.Wash.Co
1159,West.Wash.Co
1160,West.Wash.Co
1161,West.Wash.Co
1162,West.Wash.Co
1163,West.Wash.Co
1164,West.Wash.Co
1165,West.Wash.Co
1166,West.Wash.Co
1167,West.Wash.Co
1168,West.Wash.Co
1169,West.Wash.Co
1170,West.Wash.Co
1171,West.Wash.Co
1172,West.Wash.Co
1173,West.Wash.Co
1174,West.Wash.Co
1175,West.Wash.Co
1176,West.Wash.Co
1177,West.Wash.Co
1178,West.Wash.Co
1179,West.Wash.Co
1180,West.Wash.Co
1181,West.Wash.Co
1182,West.Wash.Co
1183,West.Wash.Co
1184,West.Wash.Co
1185,West.Wash.Co
1186,West.Wash.Co
1187,West.Wash.Co
1188,West.Wash.Co
1189,West.Wash.Co
1190,West.Wash.Co
1191,West.Wash.Co
1192,West.Wash.Co
1193,West.Wash.Co
1194,West.Wash.Co
1195,West.Wash.Co
1196,West.Wash.Co
1197,West.Wash.Co
1198,West.Wash.Co
1199,West.Wash.Co
1200,West.Wash.Co
1201,West.Wash.Co
1202,West.Wash.Co
1203,West.Wash.Co
1204,West.Wash.Co
1205,West.Wash.Co
1206,West.Wash.Co
1207,West.Wash.Co
1208,West.Wash.Co
1209,West.Wash.Co
1210,West.Wash.Co
1211,West.Wash.Co
1212,West.Wash.Co
1213,West.Wash.Co
1214,West.Wash.Co
1215,West.Wash.Co
1216,West.Wash.Co
1217,West.Wash.Co
1218,West.Wash.Co
1219,West.Wash.Co
1220,West.Wash.Co
1221,West.Wash.Co
1222,West.Wash.Co
1223,West.Wash.Co
1224,West.Wash.Co
1225,West.Wash.Co
1226,West.Wash.Co
1227,West.Wash.Co
1228,West.Wash.Co
1229,West.Wash.Co
1230,West.Wash.Co
1231,West.Wash.Co
1232,West.Wash.Co
1233,West.Wash.Co
1234,West.Wash.Co
1235,West.Wash.Co
1236,West.Wash.Co
1237,West.Wash.Co
1238,West.Wash.Co
1239,West.Wash.Co
1240,West.Wash.Co
1241,West.Wash.Co
1242,West.Wash.Co
1243,West.Wash.Co
1244,West.Wash.Co
1245,West.Wash.Co
1246,West.Wash.Co
1247,West.Wash.Co
1248,West.Wash.Co
1249,West.Wash.Co
1250,West.Wash.Co
1251,West.Wash.Co
1252,West.Wash.Co
1253,West.Wash.Co
1254,West.Wash.Co
1255,West.Wash.Co
1256,West.Wash.Co
1257,West.Wash.Co
1258,West.Wash.Co
1259,West.Wash.Co
1260,West.Wash.Co
1261,West.Wash.Co
1262,West.Wash.Co
1263,West.Wash.Co
1264,West.Wash.Co
1265,West.Wash.Co
1266,West.Wash.Co
1267,West.Wash.Co
1268,West.Wash.Co
1269,West.Wash.Co
1270,West.Wash.Co
1271,West.Wash.Co
1272,West.Wash.Co
1273,West.Wash.Co
1274,West.Wash.Co
1275,West.Wash.Co
1276,West.Wash.Co
1277,West.Wash.Co
1278,West.Wash.Co
1279,West.Wash.Co
1280,West.Wash.Co
1281,West.Wash.Co
1282,West.Wash.Co
1283,West.Wash.Co
1284,West.Wash.Co
1285,West.Wash.Co
1286,West.Wash.Co
1287,West.Wash.Co
1288,West.Wash.Co
1289,West.Wash.Co
1290,West.Wash.Co
1291,West.Wash.Co
1292,West.Wash.Co
1293,West.Wash.Co
1294,West.Wash.Co
1295,West.Wash.Co
1296,West.Wash.Co
1297,West.Wash.Co
1298,West.Wash.Co
1299,West.Wash.Co
1300,West.Wash.Co
1301,West.Wash.Co
1302,West.Wash.Co
1303,West.Wash.Co
1304,West.Wash.Co
1305,West.Wash.Co
1306,West.Wash.Co
1307,West.Wash.Co
1308,West.Wash.Co
1309,West.Wash.Co
1310,West.Wash.Co
1311,West.Wash.Co
1312,West.Wash.Co
1313,West.Wash.Co
1314,West.Wash.Co
1315,West.Wash.Co
1316,West.Wash.Co
1317,West.Wash.Co
1318,West.Wash.Co
1319,West.Wash.Co
1320,West.Wash.Co
1321,West.Wash.Co
1322,West.Wash.Co
1323,West.Wash.Co
1324,West.Wash.Co
1325,West.Wash.Co
1326,West.Wash.Co
1327,West.Wash.Co
1328,West.Wash.Co
1329,West.Wash.Co
1330,West.Wash.Co
1331,West.Wash.Co
1332,West.Wash.Co
1333,West.Wash.Co
1334,West.Wash.Co
1335,West.Wash.Co
1336,West.Wash.Co
1337,West.Wash.Co
1338,West.Wash.Co
1339,West.Wash.Co
1340,West.Wash.Co
1341,West.Wash.Co
1342,West.Wash.Co
1343,West.Wash.Co
1344,West.Wash.Co
1345,West.Wash.Co
1346,West.Wash.Co
1347,West.Wash.Co
1348,West.Wash.Co
1349,West.Wash.Co
1350,West.Wash.Co
1351,West.Wash.Co
1352,West.Wash.Co
1353,West.Wash.Co
1354,West.Wash.Co
1355,West.Wash.Co
1356,West.Wash.Co
1357,West.Wash.Co
1358,West.Wash.Co
1359,West.Wash.Co
1360,West.Wash.Co
1361,West.Wash.Co
1362,West.Wash.Co
1363,West.Wash.Co
1364,West.Wash.Co
1365,West.Wash.Co
1366,West.Wash.Co
1367,West.Wash.Co
1368,West.Wash.Co
1369,West.Wash.Co
1370,West.Wash.Co
1371,West.Wash.Co
1372,West.Wash.Co
1373,West.Wash.Co
1374,West.Wash.Co
1375,West.Wash.Co
1376,West.Wash.Co
1377,West.Wash.Co
1378,West.Wash.Co
1379,West.Wash.Co
1380,West.Wash.Co
1381,West.Wash.Co
1382,West.Wash.Co
1383,West.Wash.Co
1384,West.Wash.Co
1385,West.Wash.Co
1386,West.Wash.Co
1387,West.Wash.Co
1388,West.Wash.Co
1389,West.Wash.Co
1390,West.Wash.Co
1391,West.Wash.Co
1392,West.Wash.Co
1393,West.Wash.Co
1394,West.Wash.Co
1395,West.Wash.Co
1396,West.Wash.Co
1397,West.Wash.Co
1398,West.Wash.Co
1399,West.Wash.Co
1400,West.Wash.Co
1401,West.Wash.Co
1402,West.Wash.Co
1403,West.Wash.Co
1404,West.Wash.Co
1405,West.Wash.Co
1406,West.Wash.Co
1407,West.Wash.Co
1408,West.Wash.Co
1409,West.Wash.Co
1410,West.Wash.Co
1411,West.Wash.Co
1412,West.Wash.Co
1413,West.Wash.Co
1414,West.Wash.Co
1415,West.Wash.Co
1416,West.Wash.Co
1417,West.Wash.Co
1418,West.Wash.Co
1419,West.Wash.Co
1420,West.Wash.Co
1421,West.Wash.Co
1422,West.Wash.Co
1423,West.Wash.Co
1424,West.Wash.Co
1425,West.Wash.Co
1426,West.Wash.Co
1427,West.Wash.Co
1428,West.Wash.Co
1429,West.Wash.Co
1430,West.Wash.Co
1431,West.Wash.Co
1432,West.Wash.Co
1433,West.Wash.Co
1434,West.Wash.Co
1435,West.Wash.Co
1436,West.Wash.Co
1437,West.Wash.Co
1438,West.Wash.Co
1439,West.Wash.Co
1440,West.Wash.Co
1441,West.Wash.Co
1442,West.Wash.Co
1443,West.Wash.Co
1444,West.Wash.Co
1445,West.Wash.Co
1446,West.Wash.Co
1447,West.Wash.Co
1448,West.Wash.Co
1449,West.Wash.Co
1450,West.Wash.Co
1451,West.Wash.Co
1452,West.Wash.Co
1453,West.Wash.Co
1454,West.Wash.Co
1455,West.Wash.Co
1456,West.Wash.Co
1457,West.Wash.Co
1458,West.Wash.Co
1459,West.Wash.Co
1460,West.Wash.Co
1461,West.Wash.Co
1462,West.Wash.Co
1463,West.Wash.Co
1464,West.Wash.Co
1465,West.Wash.Co
1466,West.Wash.Co
1467,West.Wash.Co
1468,West.Wash.Co
1469,West.Wash.Co
1470,West.Wash.Co
1471,West.Wash.Co
1472,West.Wash.Co
1473,West.Wash.Co
1474,West.Wash.Co
1475,West.Wash.Co
1476,West.Wash.Co
1477,West.Wash.Co
1478,West.Wash.Co
1479,West.Wash.Co
1480,West.Wash.Co
1481,West.Wash.Co
1482,West.Wash.Co
1483,Clark.Co
1484,Clark.Co
1485,Clark.Co
1486,Clark.Co
1487,Clark.Co
1488,Clark.Co
1489,Clark.Co
1490,Clark.Co
1491,Clark.Co
1492,Clark.Co
1493,Clark.Co
1494,Clark.Co
1495,Clark.Co
1496,Clark.Co
1497,Clark.Co
1498,Clark.Co
1499,Clark.Co
1500,Clark.Co
1501,Clark.Co
1502,Clark.Co
1503,Clark.Co
1504,Clark.Co
1505,Clark.Co
1506,Clark.Co
1507,Clark.Co
1508,Clark.Co
1509,Clark.Co
1510,Clark.Co
1511,Clark.Co
1512,Clark.Co
1513,Clark.Co
1514,Clark.Co
1515,Clark.Co
1516,Clark.Co
1517,Clark.Co
1518,Clark.Co
1519,Clark.Co
1520,Clark.Co
1521,Clark.Co
1522,Clark.Co
1523,Clark.Co
1524,Clark.Co
1525,Clark.Co
1526,Clark.Co
1527,Clark.Co
1528,Clark.Co
1529,Clark.Co
1530,Clark.Co
1531,Clark.Co
1532,Clark.Co
1533,Clark.Co
1534,Clark.Co
1535,Clark.Co
1536,Clark.Co
1537,Clark.Co
1538,Clark.Co
1539,Clark.Co
1540,Clark.Co
1541,Clark.Co
1542,Clark.Co
1543,Clark.Co
1544,Clark.Co
1545,Clark.Co
1546,Clark.Co
1547,Clark.Co
1548,Clark.Co
1549,Clark.Co
1550,Clark.Co
1551,Clark.Co
1552,Clark.Co
1553,Clark.Co
1554,Clark.Co
1555,Clark.Co
1556,Clark.Co
1557,Clark.Co
1558,Clark.Co
1559,Clark.Co
1560,Clark.Co
1561,Clark.Co
1562,Clark.Co
1563,Clark.Co
1564,Clark.Co
1565,Clark.Co
1566,Clark.Co
1567,Clark.Co
1568,Clark.Co
1569,Clark.Co
1570,Clark.Co
1571,Clark.Co
1572,Clark.Co
1573,Clark.Co
1574,Clark.Co
1575,Clark.Co
1576,Clark.Co
1577,Clark.Co
1578,Clark.Co
1579,Clark.Co
1580,Clark.Co
1581,Clark.Co
1582,Clark.Co
1583,Clark.Co
1584,Clark.Co
1585,Clark.Co
1586,Clark.Co
1587,Clark.Co
1588,Clark.Co
1589,Clark.Co
1590,Clark.Co
1591,Clark.Co
1592,Clark.Co
1593,Clark.Co
1594,Clark.Co
1595,Clark.Co
1596,Clark.Co
1597,Clark.Co
1598,Clark.Co
1599,Clark.Co
1600,Clark.Co
1601,Clark.Co
1602,Clark.Co
1603,Clark.Co
1604,Clark.Co
1605,Clark.Co
1606,Clark.Co
1607,Clark.Co
1608,Clark.Co
1609,Clark.Co
1610,Clark.Co
1611,Clark.Co
1612,Clark.Co
1613,Clark.Co
1614,Clark.Co
1615,Clark.Co
1616,Clark.Co
1617,Clark.Co
1618,Clark.Co
1619,Clark.Co
1620,Clark.Co
1621,Clark.Co
1622,Clark.Co
1623,Clark.Co
1624,Clark.Co
1625,Clark.Co
1626,Clark.Co
1627,Clark.Co
1628,Clark.Co
1629,Clark.Co
1630,Clark.Co
1631,Clark.Co
1632,Clark.Co
1633,Clark.Co
1634,Clark.Co
1635,Clark.Co
1636,Clark.Co
1637,Clark.Co
1638,Clark.Co
1639,Clark.Co
1640,Clark.Co
1641,Clark.Co
1642,Clark.Co
1643,Clark.Co
1644,Clark.Co
1645,Clark.Co
1646,Clark.Co
1647,Clark.Co
1648,Clark.Co
1649,Clark.Co
1650,Clark.Co
1651,Clark.Co
1652,Clark.Co
1653,Clark.Co
1654,Clark.Co
1655,Clark.Co
1656,Clark.Co
1657,Clark.Co
1658,Clark.Co
1659,Clark.Co
1660,Clark.Co
1661,Clark.Co
1662,Clark.Co
1663,Clark.Co
1664,Clark.Co
1665,Clark.Co
1666,Clark.Co
1667,Clark.Co
1668,Clark.Co
1669,Clark.Co
1670,Clark.Co
1671,Clark.Co
1672,Clark.Co
1673,Clark.Co
1674,Clark.Co
1675,Clark.Co
1676,Clark.Co
1677,Clark.Co
1678,Clark.Co
1679,Clark.Co
1680,Clark.Co
1681,Clark.Co
1682,Clark.Co
1683,Clark.Co
1684,Clark.Co
1685,Clark.Co
1686,Clark.Co
1687,Clark.Co
1688,Clark.Co
1689,Clark.Co
1690,Clark.Co
1691,Clark.Co
1692,Clark.Co
1693,Clark.Co
1694,Clark.Co
1695,Clark.Co
1696,Clark.Co
1697,Clark.Co
1698,Clark.Co
1699,Clark.Co
1700,Clark.Co
1701,Clark.Co
1702,Clark.Co
1703,Clark.Co
1704,Clark.Co
1705,Clark.Co
1706,Clark.Co
1707,Clark.Co
1708,Clark.Co
1709,Clark.Co
1710,Clark.Co
1711,Clark.Co
1712,Clark.Co
1713,Clark.Co
1714,Clark.Co
1715,Clark.Co
1716,Clark.Co
1717,Clark.Co
1718,Clark.Co
1719,Clark.Co
1720,Clark.Co
1721,Clark.Co
1722,Clark.Co
1723,Clark.Co
1724,Clark.Co
1725,Clark.Co
1726,Clark.Co
1727,Clark.Co
1728,Clark.Co
1729,Clark.Co
1730,Clark.Co
1731,Clark.Co
1732,Clark.Co
1733,Clark.Co
1734,Clark.Co
1735,Clark.Co
1736,Clark.Co
1737,Clark.Co
1738,Clark.Co
1739,Clark.Co
1740,Clark.Co
1741,Clark.Co
1742,Clark.Co
1743,Clark.Co
1744,Clark.Co
1745,Clark.Co
1746,Clark.Co
1747,Clark.Co
1748,Clark.Co
1749,Clark.Co
1750,Clark.Co
1751,Clark.Co
1752,Clark.Co
1753,Clark.Co
1754,Clark.Co
1755,Clark.Co
1756,Clark.Co
1757,Clark.Co
1758,Clark.Co
1759,Clark.Co
1760,Clark.Co
1761,Clark.Co
1762,Clark.Co
1763,Clark.Co
1764,Clark.Co
1765,Clark.Co
1766,Clark.Co
1767,Clark.Co
1768,Clark.Co
1769,Clark.Co
1770,Clark.Co
1771,Clark.Co
1772,Clark.Co
1773,Clark.Co
1774,Clark.Co
1775,Clark.Co
1776,Clark.Co
1777,Clark.Co
1778,Clark.Co
1779,Clark.Co
1780,Clark.Co
1781,Clark.Co
1782,Clark.Co
1783,Clark.Co
1784,Clark.Co
1785,Clark.Co
1786,Clark.Co
1787,Clark.Co
1788,Clark.Co
1789,Clark.Co
1790,Clark.Co
1791,Clark.Co
1792,Clark.Co
1793,Clark.Co
1794,Clark.Co
1795,Clark.Co
1796,Clark.Co
1797,Clark.Co
1798,Clark.Co
1799,Clark.Co
1800,Clark.Co
1801,Clark.Co
1802,Clark.Co
1803,Clark.Co
1804,Clark.Co
1805,Clark.Co
1806,Clark.Co
1807,Clark.Co
1808,Clark.Co
1809,Clark.Co
1810,Clark.Co
1811,Clark.Co
1812,Clark.Co
1813,Clark.Co
1814,Clark.Co
1815,Clark.Co
1816,Clark.Co
1817,Clark.Co
1818,Clark.Co
1819,Clark.Co
1820,Clark.Co
1821,Clark.Co
1822,Clark.Co
1823,Clark.Co
1824,Clark.Co
1825,Clark.Co
1826,Clark.Co
1827,Clark.Co
1828,Clark.Co
1829,Clark.Co
1830,Clark.Co
1831,Clark.Co
1832,Clark.Co
1833,Clark.Co
1834,Clark.Co
1835,Clark.Co
1836,Clark.Co
1837,Clark.Co
1838,Clark.Co
1839,Clark.Co
1840,Clark.Co
1841,Clark.Co
1842,Clark.Co
1843,Clark.Co
1844,Clark.Co
1845,Clark.Co
1846,Clark.Co
1847,Clark.Co
1848,Clark.Co
1849,Clark.Co
1850,Clark.Co
1851,Clark.Co
1852,Clark.Co
1853,Clark.Co
1854,Clark.Co
1855,Clark.Co
1856,Clark.Co
1857,Clark.Co
1858,Clark.Co
1859,Clark.Co
1860,Clark.Co
1861,Clark.Co
1862,Clark.Co
1863,Clark.Co
1864,Clark.Co
1865,Clark.Co
1866,Clark.Co
1867,Clark.Co
1868,Clark.Co
1869,Clark.Co
1870,Clark.Co
1871,Clark.Co
1872,Clark.Co
1873,Clark.Co
1874,Clark.Co
1875,Clark.Co
1876,Clark.Co
1877,Clark.Co
1878,Clark.Co
1879,Clark.Co
1880,Clark.Co
1881,Clark.Co
1882,Clark.Co
1883,Clark.Co
1884,Clark.Co
1885,Clark.Co
1886,Clark.Co
1887,Clark.Co
1888,Clark.Co
1889,Clark.Co
1890,Clark.Co
1891,Clark.Co
1892,Clark.Co
1893,Clark.Co
1894,Clark.Co
1895,Clark.Co
1896,Clark.Co
1897,Clark.Co
1898,Clark.Co
1899,Clark.Co
1900,Clark.Co
1901,Clark.Co
1902,Clark.Co
1903,Clark.Co
1904,Clark.Co
1905,Clark.Co
1906,Clark.Co
1907,Clark.Co
1908,Clark.Co
1909,Clark.Co
1910,Clark.Co
1911,Clark.Co
1912,Clark.Co
1913,Clark.Co
1914,Clark.Co
1915,Clark.Co
1916,Clark.Co
1917,Clark.Co
1918,Clark.Co
1919,Clark.Co
1920,Clark.Co
1921,Clark.Co
1922,Clark.Co
1923,Clark.Co
1924,Clark.Co
1925,Clark.Co
1926,Clark.Co
1927,Clark.Co
1928,Clark.Co
1929,Clark.Co
1930,Clark.Co
1931,Clark.Co
1932,Clark.Co
1933,Clark.Co
1934,Clark.Co
1935,Clark.Co
1936,Clark.Co
1937,Clark.Co
1938,Clark.Co
1939,Clark.Co
1940,Clark.Co
1941,Clark.Co
1942,Clark.Co
1943,Clark.Co
1944,Clark.Co
1945,Clark.Co
1946,Clark.Co
1947,Clark.Co
1948,Clark.Co
1949,Clark.Co
1950,Clark.Co
1951,Clark.Co
1952,Clark.Co
1953,Clark.Co
1954,Clark.Co
1955,Clark.Co
1956,Clark.Co
1957,Clark.Co
1958,Clark.Co
1959,Clark.Co
1960,Clark.Co
1961,Clark.Co
1962,Clark.Co
1963,Clark.Co
1964,Clark.Co
1965,Clark.Co
1966,Clark.Co
1967,Clark.Co
1968,Clark.Co
1969,Clark.Co
1970,Clark.Co
1971,Clark.Co
1972,Clark.Co
1973,Clark.Co
1974,Clark.Co
1975,Clark.Co
1976,Clark.Co
1977,Clark.Co
1978,Clark.Co
1979,Clark.Co
1980,Clark.Co
1981,Clark.Co
1982,Clark.Co
1983,Clark.Co
1984,Clark.Co
1985,Clark.Co
1986,Clark.Co
1987,Clark.Co
1988,Clark.Co
1989,Clark.Co
1990,Clark.Co
1991,Clark.Co
1992,Clark.Co
1993,Clark.Co
1994,Clark.Co
1995,Clark.Co
1996,Clark.Co
1997,Clark.Co
1998,Clark.Co
1999,Clark.Co
2000,Clark.Co
2001,Clark.Co
2002,Clark.Co
2003,Clark.Co
2004,Clark.Co
2005,Clark.Co
2006,Clark.Co
2007,Clark.Co
2008,Clark.Co
2009,Clark.Co
2010,Clark.Co
2011,Clark.Co
2012,Clark.Co
2013,Clark.Co
2014,Clark.Co
2015,Clark.Co
2016,Clark.Co
2017,Clark.Co
2018,Clark.Co
2019,Clark.Co
2020,Clark.Co
2021,Clark.Co
2022,Clark.Co
2023,Clark.Co
2024,Clark.Co
2025,Clark.Co
2026,Clark.Co
2027,Clark.Co
2028,Clark.Co
2029,Clark.Co
2030,Clark.Co
2031,Clark.Co
2032,Clark.Co
2033,Clark.Co
2034,Clark.Co
2035,Clark.Co
2036,Clark.Co
2037,Clark.Co
2038,Clark.Co
2039,Clark.Co
2040,Clark.Co
2041,Clark.Co
2042,Clark.Co
2043,Clark.Co
2044,Clark.Co
2045,Clark.Co
2046,Clark.Co
2047,Clark.Co
2048,Clark.Co
2049,Clark.Co
2050,Clark.Co
2051,Clark.Co
2052,Clark.Co
2053,Clark.Co
2054,Clark.Co
2055,Clark.Co
2056,Clark.Co
2057,Clark.Co
2058,Clark.Co
2059,Clark.Co
2060,Clark.Co
2061,Clark.Co
2062,Clark.Co
2063,Clark.Co
2064,Clark.Co
2065,Clark.Co
2066,Clark.Co
2067,Clark.Co
2068,Clark.Co
2069,Clark.Co
2070,Clark.Co
2071,Clark.Co
2072,Clark.Co
2073,Clark.Co
2074,Clark.Co
2075,Clark.Co
2076,Clark.Co
2077,Clark.Co
2078,Clark.Co
2079,Clark.Co
2080,Clark.Co
2081,Clark.Co
2082,Clark.Co
2083,Clark.Co
2084,Clark.Co
2085,Clark.Co
2086,Clark.Co
2087,Clark.Co
2088,Clark.Co
2089,Clark.Co
2090,Clark.Co
2091,Clark.Co
2092,Clark.Co
2093,Clark.Co
2094,Clark.Co
2095,Clark.Co
2096,Clark.Co
2097,Clark.Co
2098,Clark.Co
2099,Clark.Co
2100,Clark.Co
2101,Clark.Co
2102,Clark.Co
2103,Clark.Co
2104,Clark.Co
2105,Clark.Co
2106,Clark.Co
2107,Clark.Co
2108,Clark.Co
2109,Clark.Co
2110,Clark.Co
2111,Clark.Co
2112,Clark.Co
2113,Clark.Co
2114,Clark.Co
2115,Clark.Co
2116,Clark.Co
2117,Clark.Co
2118,Clark.Co
2119,Clark.Co
2120,Clark.Co
2121,Clark.Co
2122,Clark.Co
2123,Clark.Co
2124,Clark.Co
2125,Clark.Co
2126,Clark.Co
2127,Clark.Co
2128,Clark.Co
2129,Clark.Co
2130,Clark.Co
2131,Clark.Co
2132,Clark.Co
2133,Clark.Co
2134,Clark.Co
2135,Clark.Co
2136,Clark.Co
2137,Clark.Co
2138,Clark.Co
2139,Clark.Co
2140,Clark.Co
2141,Clark.Co
2142,Clark.Co
2143,Clark.Co
2144,Clark.Co
2145,Clark.Co
2146,Clark.Co
2147,Clark.Co
2148,Clark.Co
2149,Clark.Co
2150,Northwest
2151,West.Wash.Co
2152,West.Wash.Co
2153,West.Wash.Co
2154,West.Wash.Co
2155,Southwest
2156,Southwest
2157,Clackamas.Co
2158,Clackamas.Co
2159,Clackamas.Co
2160,Clackamas.Co
2161,Clackamas.Co
2162,East.Multnomah.Co
